{"model":{"version":3,"nodes":[{"name":"RootNode","position":[0,0,0],"rotation":[0,0,0],"scale":[0.01,0.01,0.01],"scaleCompensation":false},{"name":"Plane","position":[0,0,0],"rotation":[-90,0,0],"scale":[100,100,100],"scaleCompensation":false}],"parents":[-1,0],"skins":[],"morphs":[],"vertices":[{"position":{"type":"float32","components":3,"data":[-0.0105632,0.0194664,0.00236318,-0.00733615,0.0161515,0.00236318,-0.00733615,0.019629,0.00236318,-0.0105632,0.015989,0.00236318,0,0.0161515,0.00236318,0.00733615,0.0161515,0.00236318,0,0.019629,0.00236318,0.00733615,0.019629,0.00236318,0.0105632,0.0194664,0.00236318,0.0105632,0.015989,0.00236318,0.0134047,0.0186778,0.00236318,0.0123146,0.015751,0.00236318,0.0157459,0.0168705,0.00205389,0.0123146,0.015751,0.00236318,0.0147755,0.0142652,0.00205389,0.0134047,0.0186778,0.00236318,0.0180019,0.0146342,0.0013542,0.0147755,0.0142652,0.00205389,0.0168463,0.0121645,0.0013542,0.0157459,0.0168705,0.00205389,0.0199752,0.0125448,0.000226476,0.0168463,0.0121645,0.0013542,0.0188196,0.0100751,0.000226476,0.0180019,0.0146342,0.0013542,-0.00733615,0.019629,0.00236318,-0.00733615,0.0161515,0.00236318,-0.0133622,0.0185637,0.00236318,-0.0105632,0.015989,0.00236318,-0.0105632,0.0194664,0.00236318,-0.0123146,0.015751,0.00236318,-0.0158231,0.0170779,0.00205389,-0.0123146,0.015751,0.00236318,-0.0133622,0.0185637,0.00236318,-0.0147755,0.0142652,0.00205389,-0.0147755,0.0142652,0.00205389,-0.0180939,0.0148308,0.0013542,-0.0168463,0.0121645,0.0013542,-0.0158231,0.0170779,0.00205389,-0.0168463,0.0121645,0.0013542,-0.0200672,0.0127414,0.000226476,-0.0188196,0.0100751,0.000226476,-0.0180939,0.0148308,0.0013542,-0.00733615,-0.0161515,0.00236318,-0.0105632,-0.0194664,0.00236318,-0.00733615,-0.019629,0.00236318,-0.0105632,-0.015989,0.00236318,0.00733615,-0.0161515,0.00236318,0,-0.0161515,0.00236318,0,-0.019629,0.00236318,0.00733615,-0.019629,0.00236318,0.00733615,-0.0161515,0.00236318,0.0105632,-0.0194664,0.00236318,0.0105632,-0.015989,0.00236318,0.00733615,-0.019629,0.00236318,0.0105632,-0.015989,0.00236318,0.0134047,-0.0186778,0.00236318,0.0123146,-0.015751,0.00236318,0.0105632,-0.0194664,0.00236318,0.0123146,-0.015751,0.00236318,0.0157459,-0.0168705,0.00205389,0.0147755,-0.0142652,0.00205389,0.0134047,-0.0186778,0.00236318,0.0180019,-0.0146342,0.0013542,0.0147755,-0.0142652,0.00205389,0.0157459,-0.0168705,0.00205389,0.0168463,-0.0121645,0.0013542,0.0199752,-0.0125448,0.000226476,0.0168463,-0.0121645,0.0013542,0.0180019,-0.0146342,0.0013542,0.0188196,-0.0100751,0.000226476,-0.0133622,-0.0185637,0.00236318,-0.0123146,-0.015751,0.00236318,-0.0123146,-0.015751,0.00236318,-0.0158231,-0.0170779,0.00205389,-0.0133622,-0.0185637,0.00236318,-0.0147755,-0.0142652,0.00205389,-0.0147755,-0.0142652,0.00205389,-0.0180939,-0.0148308,0.0013542,-0.0158231,-0.0170779,0.00205389,-0.0168463,-0.0121645,0.0013542,-0.0168463,-0.0121645,0.0013542,-0.0200672,-0.0127414,0.000226476,-0.0180939,-0.0148308,0.0013542,-0.0188196,-0.0100751,0.000226476,0.00735282,-0.0193079,0.00225418,-0.00735282,-0.0193079,0.00225418,-0.00735282,-0.0193079,-0.00364695,0.00735282,-0.0193079,-0.00364695,0,-0.0161515,-0.00378873,0.00733615,-0.0161515,-0.00378873,0,-0.0190511,-0.00378873,0.00733615,-0.0190511,-0.00378873,0.0105632,-0.0188886,-0.00378873,0.0105632,-0.015989,-0.00378873,0.0133935,-0.0189841,-0.00391194,0.0105632,-0.0188886,-0.00378873,0.0123146,-0.015751,-0.00391194,0.0105632,-0.015989,-0.00378873,0.0160142,-0.0169886,-0.00437126,0.0123146,-0.015751,-0.00391194,0.0147755,-0.0142652,-0.00437126,0.0133935,-0.0189841,-0.00391194,0.0188889,-0.0144472,-0.00519288,0.0147755,-0.0142652,-0.00437126,0.0168463,-0.0121645,-0.00519288,0.0160142,-0.0169886,-0.00437126,0.0192548,-0.0117532,-0.00519288,0.0168463,-0.0121645,-0.00519288,0.0174713,-0.0108858,-0.00519288,0.0188889,-0.0144472,-0.00519288,0.0174713,-0.0108858,-0.00519288,0.0192548,0,-0.00519288,0.0192548,-0.0117532,-0.00519288,0.0174713,0,-0.00519288,-0.00733615,-0.0161515,-0.00378873,-0.00733615,-0.0190511,-0.00378873,-0.0105632,-0.0188886,-0.00378873,-0.00733615,-0.0161515,-0.00378873,-0.00733615,-0.0190511,-0.00378873,-0.0105632,-0.015989,-0.00378873,-0.0133935,-0.0189841,-0.00391194,-0.0123146,-0.015751,-0.00391194,-0.0105632,-0.0188886,-0.00378873,-0.0105632,-0.015989,-0.00378873,-0.0123146,-0.015751,-0.00391194,-0.0160142,-0.0169886,-0.00437126,-0.0147755,-0.0142652,-0.00437126,-0.0133935,-0.0189841,-0.00391194,-0.0147755,-0.0142652,-0.00437126,-0.0188889,-0.0144472,-0.00519288,-0.0168463,-0.0121645,-0.00519288,-0.0160142,-0.0169886,-0.00437126,-0.0168463,-0.0121645,-0.00519288,-0.0192548,-0.0117532,-0.00519288,-0.0174713,-0.0108858,-0.00519288,-0.0188889,-0.0144472,-0.00519288,-0.0174713,-0.0108858,-0.00519288,-0.0192548,0,-0.00519288,-0.0174713,0,-0.00519288,-0.0192548,-0.0117532,-0.00519288,-0.00251703,0.0167903,-0.00378873,-0.00293229,0.0161515,-0.00378873,-0.00293229,0.0189799,-0.00378873,0.00733615,0.0161515,-0.00378873,0.0105632,0.0188886,-0.00378873,0.0105632,0.015989,-0.00378873,0.00733615,0.0190511,-0.00378873,0.0105632,0.015989,-0.00378873,0.0105632,0.0188886,-0.00378873,0.0123146,0.015751,-0.00391194,0.0133935,0.0189841,-0.00391194,0.0123146,0.015751,-0.00391194,0.0160142,0.0169886,-0.00437126,0.0147755,0.0142652,-0.00437126,0.0133935,0.0189841,-0.00391194,0.0188889,0.0144472,-0.00519288,0.0147755,0.0142652,-0.00437126,0.0160142,0.0169886,-0.00437126,0.0168463,0.0121645,-0.00519288,0.0192548,0.0117532,-0.00519288,0.0168463,0.0121645,-0.00519288,0.0188889,0.0144472,-0.00519288,0.0174713,0.0108858,-0.00519288,0.0174713,0.0108858,-0.00519288,0.0192548,0.0117532,-0.00519288,-0.00293229,0.0161515,-0.00378873,-0.00733615,0.0161515,-0.00378873,-0.00293229,0.0189799,-0.00378873,-0.00733615,0.0190511,-0.00378873,-0.0105632,0.0188886,-0.00378873,-0.0105632,0.015989,-0.00378873,-0.0123146,0.015751,-0.00391194,-0.0105632,0.0188886,-0.00378873,-0.0105632,0.015989,-0.00378873,-0.0133935,0.0189841,-0.00391194,-0.0123146,0.015751,-0.00391194,-0.0160142,0.0169886,-0.00437126,-0.0133935,0.0189841,-0.00391194,-0.0147755,0.0142652,-0.00437126,-0.0147755,0.0142652,-0.00437126,-0.0188889,0.0144472,-0.00519288,-0.0160142,0.0169886,-0.00437126,-0.0168463,0.0121645,-0.00519288,-0.0192548,0.0117532,-0.00519288,-0.0168463,0.0121645,-0.00519288,-0.0174713,0.0108858,-0.00519288,-0.0188889,0.0144472,-0.00519288,-0.0174713,0.0108858,-0.00519288,-0.0192548,0.0117532,-0.00519288,-0.00281815,0.0183628,-0.00312563,-0.00251703,0.0167903,-0.00304791,-0.00251703,0.0167903,-0.00378873,-0.00293229,0.0189799,-0.00378873,0.00251703,0.0167903,-0.00378873,0.00293229,0.0189799,-0.00378873,0.00293229,0.0161515,-0.00378873,0.00293229,0.0189799,-0.00378873,0.00733615,0.0161515,-0.00378873,0.00293229,0.0161515,-0.00378873,0.00733615,0.0190511,-0.00378873,0.00281815,0.0183628,-0.00312563,0.00251703,0.0167903,-0.00378873,0.00251703,0.0167903,-0.00304791,0.00293229,0.0189799,-0.00378873]},"normal":{"type":"float32","components":3,